user_id,matched_user_id,action
4DD8CF49,EBCA2656,1
4DD8CF49,DE0F378D,1
4DD8CF49,FB216053,1
4DD8CF49,E76BD94E,1
4DD8CF49,0FA3E811,0
4DD8CF49,C2E2EE62,1
29BD8147,2CBBFD10,0
29BD8147,B97B2266,0
29BD8147,5C7E1509,0
29BD8147,B7812375,0
29BD8147,A715F42C,0
29BD8147,0FA3E811,0
C214AFC1,FB216053,0
C214AFC1,09519AB8,1
C214AFC1,74F0AAA8,0
C214AFC1,9925F80D,0
C214AFC1,A481416D,0
C214AFC1,DD9C286E,1
C2E2EE62,65844587,0
C2E2EE62,A99703C3,1
C2E2EE62,74F0AAA8,1
C2E2EE62,F863822F,1
C2E2EE62,01926D87,0
C2E2EE62,00960889,1
16760104,D5BE1845,1
16760104,4DD8CF49,0
16760104,927AD22F,0
16760104,8D2CAAFD,0
16760104,00960889,1
16760104,4E72881C,1
74F0AAA8,683DCACD,0
74F0AAA8,4C76A0BD,0
74F0AAA8,AD6D1BCC,0
74F0AAA8,8B41C7A7,1
74F0AAA8,9925F80D,1
74F0AAA8,927AD22F,0
01926D87,E76BD94E,0
01926D87,885A228D,1
01926D87,8B41C7A7,1
01926D87,A5D11662,0
01926D87,D7EF93E7,1
01926D87,86EB9502,0
E76BD94E,EBCA2656,0
E76BD94E,ED4FBFFE,0
E76BD94E,2E7BDB53,0
E76BD94E,4E72881C,0
E76BD94E,BEEF5CB5,1
E76BD94E,D3AC22C6,1
A481416D,8CEA8B3F,0
A481416D,65844587,0
A481416D,A715F42C,1
A481416D,4EB83B21,1
A481416D,874F1221,1
A481416D,2E7BDB53,1
0587439C,A5D11662,1
0587439C,B97B2266,1
0587439C,74F0AAA8,0
0587439C,39FFF244,1
0587439C,927AD22F,0
0587439C,8B41C7A7,0
09519AB8,D3AC22C6,1
09519AB8,4C76A0BD,0
09519AB8,EBCA2656,1
09519AB8,2CBBFD10,0
09519AB8,C2E2EE62,1
09519AB8,ED4FBFFE,0
8A91E010,61443839,1
8A91E010,E76BD94E,1
8A91E010,ED4FBFFE,1
8A91E010,A5D11662,0
8A91E010,29BD8147,1
8A91E010,7333F3E4,1
927AD22F,C2E2EE62,0
927AD22F,5C7E1509,0
927AD22F,B97F9B33,1
927AD22F,4C76A0BD,1
927AD22F,AD1E9B9F,0
927AD22F,A99703C3,1
4C76A0BD,65844587,0
4C76A0BD,FF881642,1
4C76A0BD,BEEF5CB5,0
4C76A0BD,A715F42C,1
4C76A0BD,DD74C27C,0
4C76A0BD,D5BE1845,1
7333F3E4,F863822F,1
7333F3E4,AD1E9B9F,1
7333F3E4,4E72881C,1
7333F3E4,AD6D1BCC,1
7333F3E4,0587439C,1
7333F3E4,8B41C7A7,0
39FFF244,4E72881C,0
39FFF244,4DD8CF49,0
39FFF244,B97B2266,1
39FFF244,B97F9B33,0
39FFF244,8A91E010,1
39FFF244,AD6D1BCC,1
10B95BA5,4EB83B21,0
10B95BA5,F863822F,0
10B95BA5,09519AB8,1
10B95BA5,AD6D1BCC,1
10B95BA5,C2E2EE62,1
10B95BA5,E76BD94E,0
FF881642,4DD8CF49,1
FF881642,E76BD94E,1
FF881642,D5BE1845,0
FF881642,0FA3E811,1
FF881642,8A91E010,0
FF881642,7333F3E4,1
2E7BDB53,7333F3E4,0
2E7BDB53,01926D87,1
2E7BDB53,4C76A0BD,0
2E7BDB53,29BD8147,1
2E7BDB53,61443839,1
2E7BDB53,8B41C7A7,0
FB216053,A481416D,1
FB216053,B7812375,0
FB216053,683DCACD,0
FB216053,8CEA8B3F,0
FB216053,39FFF244,0
FB216053,8A91E010,0
D5BE1845,0FA3E811,1
D5BE1845,16760104,1
D5BE1845,A99703C3,1
D5BE1845,09519AB8,0
D5BE1845,0587439C,1
D5BE1845,BEEF5CB5,0
F16DEC0E,AA817BF7,1
F16DEC0E,BEEF5CB5,0
F16DEC0E,FB216053,1
F16DEC0E,C214AFC1,1
F16DEC0E,A99703C3,1
F16DEC0E,65844587,0
874F1221,9925F80D,1
874F1221,8D2CAAFD,1
874F1221,86EB9502,1
874F1221,D7EF93E7,1
874F1221,DD9C286E,0
874F1221,4E72881C,1
ED4FBFFE,65844587,0
ED4FBFFE,61443839,1
ED4FBFFE,F863822F,0
ED4FBFFE,5C7E1509,0
ED4FBFFE,DE0F378D,1
ED4FBFFE,E2A4CA98,1
86EB9502,7333F3E4,0
86EB9502,0587439C,0
86EB9502,4DD8CF49,1
86EB9502,9925F80D,0
86EB9502,8B41C7A7,1
86EB9502,2CBBFD10,1
A715F42C,0587439C,0
A715F42C,A99703C3,1
A715F42C,0FA3E811,1
A715F42C,B7812375,0
A715F42C,C214AFC1,1
A715F42C,00960889,1
65844587,ED4FBFFE,1
65844587,AD6D1BCC,1
65844587,A5D11662,0
65844587,B97F9B33,0
65844587,8D2CAAFD,1
65844587,4E72881C,1
4E72881C,A715F42C,0
4E72881C,D5BE1845,0
4E72881C,DD74C27C,0
4E72881C,5C7E1509,1
4E72881C,E76BD94E,1
4E72881C,AD6D1BCC,0
61443839,4EB83B21,0
61443839,DD74C27C,0
61443839,EBCA2656,1
61443839,D7EF93E7,0
61443839,31585633,1
61443839,DD9C286E,1
4EB83B21,DD74C27C,1
4EB83B21,D7EF93E7,1
4EB83B21,D5BE1845,1
4EB83B21,D3AC22C6,1
4EB83B21,AD1E9B9F,1
4EB83B21,E76BD94E,1
8D2CAAFD,D1514564,0
8D2CAAFD,D5BE1845,1
8D2CAAFD,AD6D1BCC,1
8D2CAAFD,DD6EA6DA,1
8D2CAAFD,A99703C3,0
8D2CAAFD,FB216053,1
A5D11662,9925F80D,1
A5D11662,FF881642,1
A5D11662,8B41C7A7,0
A5D11662,B97B2266,0
A5D11662,74F0AAA8,0
A5D11662,F863822F,1
B97F9B33,9925F80D,0
B97F9B33,C2E2EE62,0
B97F9B33,4EB83B21,0
B97F9B33,E2A4CA98,0
B97F9B33,74F0AAA8,0
B97F9B33,A481416D,1
BEEF5CB5,DD6EA6DA,0
BEEF5CB5,31585633,1
BEEF5CB5,7333F3E4,1
BEEF5CB5,D7EF93E7,1
BEEF5CB5,0587439C,1
BEEF5CB5,E76BD94E,1
31585633,7333F3E4,0
31585633,4DD8CF49,0
31585633,0587439C,1
31585633,65844587,1
31585633,0FA3E811,0
31585633,8B41C7A7,1
DD74C27C,A5D11662,1
DD74C27C,2E7BDB53,1
DD74C27C,B97B2266,0
DD74C27C,16760104,0
DD74C27C,4DD8CF49,1
DD74C27C,A481416D,0
B97B2266,E76BD94E,0
B97B2266,10B95BA5,0
B97B2266,A715F42C,0
B97B2266,683DCACD,0
B97B2266,B7812375,0
B97B2266,0FA3E811,0
8B41C7A7,AD6D1BCC,1
8B41C7A7,DE0F378D,0
8B41C7A7,4EB83B21,1
8B41C7A7,D1514564,1
8B41C7A7,8D2CAAFD,1
8B41C7A7,65844587,1
0FA3E811,65844587,0
0FA3E811,2E7BDB53,1
0FA3E811,A99703C3,0
0FA3E811,2CBBFD10,1
0FA3E811,8B41C7A7,0
0FA3E811,B97F9B33,0
DD6EA6DA,E2A4CA98,0
DD6EA6DA,B97F9B33,1
DD6EA6DA,61443839,0
DD6EA6DA,65844587,1
DD6EA6DA,B97B2266,0
DD6EA6DA,AA817BF7,1
00960889,927AD22F,1
00960889,E76BD94E,1
00960889,A715F42C,0
00960889,74F0AAA8,0
00960889,A5D11662,1
00960889,65844587,1
5C7E1509,86EB9502,1
5C7E1509,01926D87,1
5C7E1509,DE0F378D,1
5C7E1509,74F0AAA8,1
5C7E1509,8CEA8B3F,1
5C7E1509,D5BE1845,0
8CEA8B3F,B97F9B33,0
8CEA8B3F,2E7BDB53,1
8CEA8B3F,4C76A0BD,1
8CEA8B3F,F16DEC0E,0
8CEA8B3F,4EB83B21,1
8CEA8B3F,FB216053,1
885A228D,61443839,1
885A228D,9925F80D,1
885A228D,16760104,0
885A228D,AD6D1BCC,0
885A228D,ED4FBFFE,0
885A228D,0587439C,0
683DCACD,F16DEC0E,1
683DCACD,86EB9502,0
683DCACD,885A228D,0
683DCACD,7333F3E4,0
683DCACD,FB216053,1
683DCACD,BEEF5CB5,1
DE0F378D,8A91E010,1
DE0F378D,8B41C7A7,0
DE0F378D,4EB83B21,1
DE0F378D,10B95BA5,0
DE0F378D,D3AC22C6,0
DE0F378D,DD6EA6DA,0
AD6D1BCC,8D2CAAFD,1
AD6D1BCC,8A91E010,1
AD6D1BCC,29BD8147,0
AD6D1BCC,5C7E1509,0
AD6D1BCC,D5BE1845,1
AD6D1BCC,AA817BF7,1
A99703C3,7333F3E4,1
A99703C3,16760104,0
A99703C3,8CEA8B3F,0
A99703C3,927AD22F,1
A99703C3,AD6D1BCC,0
A99703C3,B97B2266,1
F863822F,B97F9B33,0
F863822F,D3AC22C6,1
F863822F,885A228D,0
F863822F,4EB83B21,1
F863822F,65844587,1
F863822F,5C7E1509,1
AA817BF7,5C7E1509,1
AA817BF7,E2A4CA98,0
AA817BF7,8A91E010,1
AA817BF7,A481416D,1
AA817BF7,FB216053,1
AA817BF7,29BD8147,1
2CBBFD10,683DCACD,0
2CBBFD10,A99703C3,1
2CBBFD10,AA817BF7,1
2CBBFD10,C214AFC1,1
2CBBFD10,B97F9B33,1
2CBBFD10,D7EF93E7,1
E2A4CA98,29BD8147,1
E2A4CA98,61443839,1
E2A4CA98,D7EF93E7,1
E2A4CA98,AD1E9B9F,1
E2A4CA98,31585633,0
E2A4CA98,A99703C3,0
DD9C286E,AD6D1BCC,0
DD9C286E,10B95BA5,1
DD9C286E,683DCACD,0
DD9C286E,0587439C,1
DD9C286E,B97B2266,1
DD9C286E,A5D11662,1
B7812375,DD6EA6DA,0
B7812375,01926D87,0
B7812375,A5D11662,1
B7812375,A99703C3,1
B7812375,4E72881C,0
B7812375,2CBBFD10,1
D3AC22C6,683DCACD,0
D3AC22C6,FF881642,0
D3AC22C6,2CBBFD10,0
D3AC22C6,AA817BF7,1
D3AC22C6,EBCA2656,1
D3AC22C6,DD6EA6DA,0
D7EF93E7,B97F9B33,0
D7EF93E7,74F0AAA8,1
D7EF93E7,4DD8CF49,0
D7EF93E7,EBCA2656,0
D7EF93E7,B7812375,0
D7EF93E7,8D2CAAFD,0
AD1E9B9F,874F1221,1
AD1E9B9F,C214AFC1,0
AD1E9B9F,86EB9502,1
AD1E9B9F,EBCA2656,0
AD1E9B9F,8A91E010,1
AD1E9B9F,F863822F,1
9925F80D,8CEA8B3F,1
9925F80D,39FFF244,0
9925F80D,10B95BA5,1
9925F80D,86EB9502,1
9925F80D,16760104,1
9925F80D,8D2CAAFD,1
EBCA2656,4EB83B21,1
EBCA2656,4C76A0BD,0
EBCA2656,0FA3E811,1
EBCA2656,E76BD94E,1
EBCA2656,16760104,0
EBCA2656,4E72881C,1
D1514564,E2A4CA98,0
D1514564,4C76A0BD,1
D1514564,8B41C7A7,1
D1514564,A481416D,1
D1514564,8CEA8B3F,0
D1514564,F16DEC0E,0
