user_id,name,age,location,profession,experience_years,professional_summary,about_me,mbti,interests
U001,Deepak Patel,28,Delhi,UX Designer,3,"User experience designer focused on creating accessible digital platforms. Experienced in wireframing, high-fidelity prototyping, and cross-functional user testing.","Passionate about continuous technical learning, reading science fiction, and collaborating closely with design teams on creative products.",ISFP,"Writing, Fitness, Travel"
U002,Rahul Joshi,43,Pune,Marketing Strategist,3,"Growth marketer specialized in digital campaigns and brand positioning. Data-driven mindset with expertise in SEO, SEM, and customer acquisition funnels.","Passionate about continuous technical learning, reading science fiction, and collaborating closely with design teams on creative products.",ESTJ,"Travel, Photography, Writing"
U003,Neha Gupta,43,Pune,Marketing Strategist,5,"Growth marketer specialized in digital campaigns and brand positioning. Data-driven mindset with expertise in SEO, SEM, and customer acquisition funnels.","Thrive in fast-paced startup cultures. Emphasize open communication, systematic organization, and regular peer alignment.",ENTJ,"Travel, Fitness, Gaming"
U004,Amit Patel,24,Delhi,Marketing Strategist,9,"Growth marketer specialized in digital campaigns and brand positioning. Data-driven mindset with expertise in SEO, SEM, and customer acquisition funnels.","A highly analytical strategist who values direct accountability, deep research focus, and structural clarity in execution frameworks.",ENTJ,"Design, Data, Fitness"
U005,Deepak Sen,26,Pune,Data Analyst,11,"Data analyst with 3 years of experience in healthcare analytics. Skilled in SQL, Python, and automated business reporting frameworks.","I enjoy solving complex real-world puzzles, mentoring junior peers, and driving productivity in high-performing collaborative team spaces.",ISTJ,"Fitness, Coding, Gaming"
U006,Priya Bhaumik,35,Hyderabad,UX Designer,6,"User experience designer focused on creating accessible digital platforms. Experienced in wireframing, high-fidelity prototyping, and cross-functional user testing.","I enjoy solving complex real-world puzzles, mentoring junior peers, and driving productivity in high-performing collaborative team spaces.",INFP,"Photography, Gaming, Travel"
U007,Vikram Sharma,34,Pune,Data Analyst,4,"Data analyst with 3 years of experience in healthcare analytics. Skilled in SQL, Python, and automated business reporting frameworks.","Love exploring outdoor hiking trails, volunteering in community workshops, and designing highly empathetic human-centric user experiences.",ISTJ,"Teaching, Design, Writing"
U008,Rahul Patel,32,Hyderabad,Software Engineer,2,"Full-stack developer specializing in scalable distributed systems. Highly proficient in Python, cloud architecture, and microservices.","Passionate about continuous technical learning, reading science fiction, and collaborating closely with design teams on creative products.",INTP,"Design, Writing, Gaming"
U009,Neha Gupta,39,Bangalore,Product Manager,7,"Results-driven Product Manager with a track record of scaling consumer apps. Experienced in Agile methodologies, roadmap design, and user growth data metrics.","Passionate about continuous technical learning, reading science fiction, and collaborating closely with design teams on creative products.",ENTJ,"Fitness, Teaching, Cooking"
U010,Aditya Bhaumik,29,Hyderabad,Data Analyst,11,"Data analyst with 3 years of experience in healthcare analytics. Skilled in SQL, Python, and automated business reporting frameworks.","Love exploring outdoor hiking trails, volunteering in community workshops, and designing highly empathetic human-centric user experiences.",INTJ,"Writing, Gaming, Design"
U011,Rahul Sen,44,Pune,Product Manager,11,"Results-driven Product Manager with a track record of scaling consumer apps. Experienced in Agile methodologies, roadmap design, and user growth data metrics.","Love exploring outdoor hiking trails, volunteering in community workshops, and designing highly empathetic human-centric user experiences.",ENFJ,"Writing, Gaming, Photography"
U012,Neha Sen,24,Pune,Data Analyst,12,"Data analyst with 3 years of experience in healthcare analytics. Skilled in SQL, Python, and automated business reporting frameworks.","I enjoy solving complex real-world puzzles, mentoring junior peers, and driving productivity in high-performing collaborative team spaces.",ISTJ,"Photography, Coding, Fitness"
U013,Vikram Gupta,29,Bangalore,Marketing Strategist,3,"Growth marketer specialized in digital campaigns and brand positioning. Data-driven mindset with expertise in SEO, SEM, and customer acquisition funnels.","Love exploring outdoor hiking trails, volunteering in community workshops, and designing highly empathetic human-centric user experiences.",ESFJ,"Teaching, Travel, Data"
U014,Sneha Bhaumik,28,Delhi,Marketing Strategist,6,"Growth marketer specialized in digital campaigns and brand positioning. Data-driven mindset with expertise in SEO, SEM, and customer acquisition funnels.","Love exploring outdoor hiking trails, volunteering in community workshops, and designing highly empathetic human-centric user experiences.",INFP,"Travel, Fitness, Gaming"
U015,Rohan Sharma,39,Hyderabad,Software Engineer,5,"Full-stack developer specializing in scalable distributed systems. Highly proficient in Python, cloud architecture, and microservices.","I enjoy solving complex real-world puzzles, mentoring junior peers, and driving productivity in high-performing collaborative team spaces.",ISTJ,"Design, Coding, Photography"
U016,Amit Singh,28,Hyderabad,Marketing Strategist,5,"Growth marketer specialized in digital campaigns and brand positioning. Data-driven mindset with expertise in SEO, SEM, and customer acquisition funnels.","Thrive in fast-paced startup cultures. Emphasize open communication, systematic organization, and regular peer alignment.",INTJ,"Cooking, Travel, Data"
U017,Anjali Joshi,34,Hyderabad,Data Analyst,2,"Data analyst with 3 years of experience in healthcare analytics. Skilled in SQL, Python, and automated business reporting frameworks.","A highly analytical strategist who values direct accountability, deep research focus, and structural clarity in execution frameworks.",ENTP,"Teaching, Travel, Cooking"
U018,Amit Gupta,27,Bangalore,Product Manager,1,"Results-driven Product Manager with a track record of scaling consumer apps. Experienced in Agile methodologies, roadmap design, and user growth data metrics.","A highly analytical strategist who values direct accountability, deep research focus, and structural clarity in execution frameworks.",ENTJ,"Gaming, Cooking, Fitness"
U019,Anjali Patel,33,Hyderabad,Data Analyst,1,"Data analyst with 3 years of experience in healthcare analytics. Skilled in SQL, Python, and automated business reporting frameworks.","Passionate about continuous technical learning, reading science fiction, and collaborating closely with design teams on creative products.",ISTJ,"Design, Teaching, Coding"
U020,Priya Singh,33,Delhi,UX Designer,8,"User experience designer focused on creating accessible digital platforms. Experienced in wireframing, high-fidelity prototyping, and cross-functional user testing.","Passionate about continuous technical learning, reading science fiction, and collaborating closely with design teams on creative products.",ISFJ,"Teaching, Coding, Cooking"
U021,Priya Mehta,24,Hyderabad,Marketing Strategist,1,"Growth marketer specialized in digital campaigns and brand positioning. Data-driven mindset with expertise in SEO, SEM, and customer acquisition funnels.","A highly analytical strategist who values direct accountability, deep research focus, and structural clarity in execution frameworks.",ENFP,"Teaching, Travel, Coding"
U022,Anjali Bhaumik,23,Hyderabad,Software Engineer,10,"Full-stack developer specializing in scalable distributed systems. Highly proficient in Python, cloud architecture, and microservices.","Love exploring outdoor hiking trails, volunteering in community workshops, and designing highly empathetic human-centric user experiences.",ENTP,"Travel, Photography, Teaching"
U023,Rohan Sharma,37,Hyderabad,UX Designer,7,"User experience designer focused on creating accessible digital platforms. Experienced in wireframing, high-fidelity prototyping, and cross-functional user testing.","Love exploring outdoor hiking trails, volunteering in community workshops, and designing highly empathetic human-centric user experiences.",ISTJ,"Data, Photography, Writing"
U024,Kiran Das,33,Bangalore,UX Designer,3,"User experience designer focused on creating accessible digital platforms. Experienced in wireframing, high-fidelity prototyping, and cross-functional user testing.","A highly analytical strategist who values direct accountability, deep research focus, and structural clarity in execution frameworks.",INFP,"Coding, Travel, Gaming"
U025,Aditya Patel,24,Delhi,Software Engineer,12,"Full-stack developer specializing in scalable distributed systems. Highly proficient in Python, cloud architecture, and microservices.","Passionate about continuous technical learning, reading science fiction, and collaborating closely with design teams on creative products.",ENTP,"Fitness, Writing, Photography"
U026,Vikram Patel,34,Pune,Data Analyst,12,"Data analyst with 3 years of experience in healthcare analytics. Skilled in SQL, Python, and automated business reporting frameworks.","I enjoy solving complex real-world puzzles, mentoring junior peers, and driving productivity in high-performing collaborative team spaces.",INTP,"Design, Writing, Gaming"
U027,Aditya Joshi,22,Hyderabad,Product Manager,1,"Results-driven Product Manager with a track record of scaling consumer apps. Experienced in Agile methodologies, roadmap design, and user growth data metrics.","Passionate about continuous technical learning, reading science fiction, and collaborating closely with design teams on creative products.",INTJ,"Gaming, Design, Cooking"
U028,Deepak Bhaumik,28,Pune,Data Analyst,1,"Data analyst with 3 years of experience in healthcare analytics. Skilled in SQL, Python, and automated business reporting frameworks.","I enjoy solving complex real-world puzzles, mentoring junior peers, and driving productivity in high-performing collaborative team spaces.",ENTP,"Teaching, Coding, Writing"
U029,Anjali Bhaumik,36,Delhi,Software Engineer,9,"Full-stack developer specializing in scalable distributed systems. Highly proficient in Python, cloud architecture, and microservices.","Love exploring outdoor hiking trails, volunteering in community workshops, and designing highly empathetic human-centric user experiences.",INTJ,"Teaching, Photography, Travel"
U030,Neha Patel,23,Delhi,UX Designer,6,"User experience designer focused on creating accessible digital platforms. Experienced in wireframing, high-fidelity prototyping, and cross-functional user testing.","Love exploring outdoor hiking trails, volunteering in community workshops, and designing highly empathetic human-centric user experiences.",ENFJ,"Fitness, Travel, Photography"
U031,Rahul Gupta,42,Hyderabad,Data Analyst,3,"Data analyst with 3 years of experience in healthcare analytics. Skilled in SQL, Python, and automated business reporting frameworks.","I enjoy solving complex real-world puzzles, mentoring junior peers, and driving productivity in high-performing collaborative team spaces.",ISTJ,"Coding, Design, Teaching"
U032,Rohan Patel,23,Mumbai,Product Manager,10,"Results-driven Product Manager with a track record of scaling consumer apps. Experienced in Agile methodologies, roadmap design, and user growth data metrics.","A highly analytical strategist who values direct accountability, deep research focus, and structural clarity in execution frameworks.",INTJ,"Writing, Data, Photography"
U033,Neha Patel,31,Delhi,Software Engineer,8,"Full-stack developer specializing in scalable distributed systems. Highly proficient in Python, cloud architecture, and microservices.","Passionate about continuous technical learning, reading science fiction, and collaborating closely with design teams on creative products.",INTP,"Design, Coding, Writing"
U034,Vikram Joshi,39,Bangalore,Data Analyst,7,"Data analyst with 3 years of experience in healthcare analytics. Skilled in SQL, Python, and automated business reporting frameworks.","Thrive in fast-paced startup cultures. Emphasize open communication, systematic organization, and regular peer alignment.",ENTP,"Design, Gaming, Cooking"
U035,Sneha Mehta,39,Pune,Data Analyst,3,"Data analyst with 3 years of experience in healthcare analytics. Skilled in SQL, Python, and automated business reporting frameworks.","Passionate about continuous technical learning, reading science fiction, and collaborating closely with design teams on creative products.",ISTJ,"Gaming, Coding, Writing"
U036,Amit Mehta,43,Hyderabad,UX Designer,8,"User experience designer focused on creating accessible digital platforms. Experienced in wireframing, high-fidelity prototyping, and cross-functional user testing.","Thrive in fast-paced startup cultures. Emphasize open communication, systematic organization, and regular peer alignment.",ESFJ,"Cooking, Design, Teaching"
U037,Anjali Gupta,42,Pune,Product Manager,8,"Results-driven Product Manager with a track record of scaling consumer apps. Experienced in Agile methodologies, roadmap design, and user growth data metrics.","Thrive in fast-paced startup cultures. Emphasize open communication, systematic organization, and regular peer alignment.",INTJ,"Design, Coding, Writing"
U038,Deepak Joshi,31,Hyderabad,Software Engineer,9,"Full-stack developer specializing in scalable distributed systems. Highly proficient in Python, cloud architecture, and microservices.","Love exploring outdoor hiking trails, volunteering in community workshops, and designing highly empathetic human-centric user experiences.",ISTJ,"Cooking, Photography, Travel"
U039,Kiran Patel,30,Pune,UX Designer,11,"User experience designer focused on creating accessible digital platforms. Experienced in wireframing, high-fidelity prototyping, and cross-functional user testing.","A highly analytical strategist who values direct accountability, deep research focus, and structural clarity in execution frameworks.",ENTP,"Coding, Teaching, Gaming"
U040,Tanvi Verma,38,Hyderabad,Data Analyst,4,"Data analyst with 3 years of experience in healthcare analytics. Skilled in SQL, Python, and automated business reporting frameworks.","A highly analytical strategist who values direct accountability, deep research focus, and structural clarity in execution frameworks.",ISTJ,"Gaming, Writing, Fitness"
U041,Aditya Gupta,44,Delhi,Software Engineer,7,"Full-stack developer specializing in scalable distributed systems. Highly proficient in Python, cloud architecture, and microservices.","A highly analytical strategist who values direct accountability, deep research focus, and structural clarity in execution frameworks.",INTP,"Data, Teaching, Photography"
U042,Amit Das,23,Pune,Software Engineer,9,"Full-stack developer specializing in scalable distributed systems. Highly proficient in Python, cloud architecture, and microservices.","I enjoy solving complex real-world puzzles, mentoring junior peers, and driving productivity in high-performing collaborative team spaces.",INTJ,"Photography, Gaming, Travel"
U043,Vikram Joshi,35,Delhi,Marketing Strategist,10,"Growth marketer specialized in digital campaigns and brand positioning. Data-driven mindset with expertise in SEO, SEM, and customer acquisition funnels.","I enjoy solving complex real-world puzzles, mentoring junior peers, and driving productivity in high-performing collaborative team spaces.",INTP,"Photography, Coding, Writing"
U044,Deepak Sen,31,Mumbai,Software Engineer,2,"Full-stack developer specializing in scalable distributed systems. Highly proficient in Python, cloud architecture, and microservices.","Love exploring outdoor hiking trails, volunteering in community workshops, and designing highly empathetic human-centric user experiences.",ENTP,"Data, Travel, Gaming"
U045,Neha Mehta,24,Mumbai,Product Manager,11,"Results-driven Product Manager with a track record of scaling consumer apps. Experienced in Agile methodologies, roadmap design, and user growth data metrics.","Love exploring outdoor hiking trails, volunteering in community workshops, and designing highly empathetic human-centric user experiences.",ENFJ,"Writing, Data, Cooking"
U046,Rahul Gupta,23,Mumbai,Product Manager,1,"Results-driven Product Manager with a track record of scaling consumer apps. Experienced in Agile methodologies, roadmap design, and user growth data metrics.","Love exploring outdoor hiking trails, volunteering in community workshops, and designing highly empathetic human-centric user experiences.",INTJ,"Gaming, Travel, Design"
U047,Rahul Mehta,39,Hyderabad,Product Manager,7,"Results-driven Product Manager with a track record of scaling consumer apps. Experienced in Agile methodologies, roadmap design, and user growth data metrics.","Love exploring outdoor hiking trails, volunteering in community workshops, and designing highly empathetic human-centric user experiences.",ENFJ,"Teaching, Travel, Fitness"
U048,Vikram Joshi,34,Hyderabad,Software Engineer,3,"Full-stack developer specializing in scalable distributed systems. Highly proficient in Python, cloud architecture, and microservices.","Passionate about continuous technical learning, reading science fiction, and collaborating closely with design teams on creative products.",ENTP,"Design, Gaming, Teaching"
U049,Priya Gupta,26,Hyderabad,UX Designer,6,"User experience designer focused on creating accessible digital platforms. Experienced in wireframing, high-fidelity prototyping, and cross-functional user testing.","Thrive in fast-paced startup cultures. Emphasize open communication, systematic organization, and regular peer alignment.",ENTP,"Travel, Photography, Cooking"
U050,Tanvi Mehta,33,Delhi,Data Analyst,5,"Data analyst with 3 years of experience in healthcare analytics. Skilled in SQL, Python, and automated business reporting frameworks.","Passionate about continuous technical learning, reading science fiction, and collaborating closely with design teams on creative products.",ISTJ,"Design, Teaching, Fitness"
U051,Neha Das,26,Hyderabad,Software Engineer,7,"Full-stack developer specializing in scalable distributed systems. Highly proficient in Python, cloud architecture, and microservices.","I enjoy solving complex real-world puzzles, mentoring junior peers, and driving productivity in high-performing collaborative team spaces.",ENTP,"Cooking, Design, Writing"
U052,Vikram Das,29,Hyderabad,UX Designer,10,"User experience designer focused on creating accessible digital platforms. Experienced in wireframing, high-fidelity prototyping, and cross-functional user testing.","Love exploring outdoor hiking trails, volunteering in community workshops, and designing highly empathetic human-centric user experiences.",ENFJ,"Photography, Fitness, Coding"
U053,Amit Joshi,32,Hyderabad,Software Engineer,8,"Full-stack developer specializing in scalable distributed systems. Highly proficient in Python, cloud architecture, and microservices.","Passionate about continuous technical learning, reading science fiction, and collaborating closely with design teams on creative products.",INTP,"Writing, Cooking, Teaching"
U054,Amit Gupta,34,Pune,Product Manager,12,"Results-driven Product Manager with a track record of scaling consumer apps. Experienced in Agile methodologies, roadmap design, and user growth data metrics.","Thrive in fast-paced startup cultures. Emphasize open communication, systematic organization, and regular peer alignment.",INTJ,"Teaching, Gaming, Coding"
U055,Kiran Sen,30,Delhi,Data Analyst,9,"Data analyst with 3 years of experience in healthcare analytics. Skilled in SQL, Python, and automated business reporting frameworks.","Love exploring outdoor hiking trails, volunteering in community workshops, and designing highly empathetic human-centric user experiences.",ENTP,"Writing, Design, Fitness"
U056,Aditya Joshi,31,Mumbai,Data Analyst,2,"Data analyst with 3 years of experience in healthcare analytics. Skilled in SQL, Python, and automated business reporting frameworks.","Passionate about continuous technical learning, reading science fiction, and collaborating closely with design teams on creative products.",INTJ,"Fitness, Coding, Data"
U057,Kiran Bhaumik,41,Hyderabad,Software Engineer,8,"Full-stack developer specializing in scalable distributed systems. Highly proficient in Python, cloud architecture, and microservices.","Love exploring outdoor hiking trails, volunteering in community workshops, and designing highly empathetic human-centric user experiences.",ISTJ,"Data, Teaching, Travel"
U058,Vikram Bhaumik,43,Bangalore,UX Designer,12,"User experience designer focused on creating accessible digital platforms. Experienced in wireframing, high-fidelity prototyping, and cross-functional user testing.","Thrive in fast-paced startup cultures. Emphasize open communication, systematic organization, and regular peer alignment.",ISTJ,"Coding, Data, Teaching"
U059,Vikram Mehta,22,Pune,UX Designer,2,"User experience designer focused on creating accessible digital platforms. Experienced in wireframing, high-fidelity prototyping, and cross-functional user testing.","Passionate about continuous technical learning, reading science fiction, and collaborating closely with design teams on creative products.",ENFP,"Cooking, Data, Travel"
U060,Neha Verma,29,Bangalore,Data Analyst,12,"Data analyst with 3 years of experience in healthcare analytics. Skilled in SQL, Python, and automated business reporting frameworks.","Thrive in fast-paced startup cultures. Emphasize open communication, systematic organization, and regular peer alignment.",INTP,"Fitness, Data, Writing"
